Territorialidades,Índice de Theil-L 2010,Índice de Gini 2010,Esperança de vida ao nascer 2010,Mortalidade infantil 2010,Mortalidade até 5 anos de idade 2010,Probabilidade de sobrevivência até 40 anos 2010,IDHM 2010,IDHM Renda 2010,IDHM Longevidade 2010,IDHM Educação 2010,Probabilidade de sobrevivência até 60 anos 2010,Subíndice de frequência escolar - IDHM Educação 2010,Subíndice de escolaridade - IDHM Educação 2010,Taxa de fecundidade total 2010,Razão de dependência 2010,Taxa de envelhecimento 2010,Renda per capita 2010
Brasil,"0,68","0,6","73,94","16,7","18,83","94,37","0,727","0,739","0,816","0,637","84,05","0,686","0,549","1,89","45,87","7,36","793,87"
Água Branca (PB),"0,56","0,54","67,72","34,9","37,6","92,01","0,572","0,542","0,712","0,484","77,84","0,616","0,299","1,87","61,69","8,52","233,65"
Aguiar (PB),"0,86","0,65","70,17","26,9","28,99","93,77","0,597","0,632","0,753","0,447","82,13","0,591","0,256","2,02","60,29","11,43","407,32"
Alagoa Grande (PB),"0,53","0,53","72,83","19,5","21,07","95,43","0,582","0,576","0,797","0,43","86,44","0,545","0,267","2,52","61,05","10,74","287,94"
Alagoa Nova (PB),"0,55","0,54","69,93","27,6","29,77","93,61","0,576","0,567","0,749","0,451","81,72","0,574","0,278","2,01","59,06","9,52","272,81"
Alagoinha (PB),"0,5","0,52","72,72","19,8","21,35","95,37","0,595","0,574","0,795","0,462","86,28","0,581","0,292","2,55","60,42","9,18","284,64"
Alcantil (PB),"0,46","0,48","70,91","24,7","26,63","94,27","0,578","0,55","0,765","0,458","83,37","0,605","0,263","1,96","57,94","10,29","245,01"
Algodão de Jandaíra (PB),"0,41","0,47","69,93","27,6","29,77","93,61","0,548","0,532","0,749","0,413","81,72","0,537","0,244","2,34","60,08","8,92","218,7"
Alhandra (PB),"0,38","0,45","71,69","22,5","24,28","94,76","0,582","0,544","0,778","0,465","84,65","0,568","0,312","2,71","54,85","5,68","236,14"
Amparo (PB),"0,46","0,5","70,14",27,"29,07","93,76","0,606","0,537","0,752","0,551","82,08","0,674","0,368","2,04","54,44",9,"225,5"
Aparecida (PB),"0,51","0,51","69,79",28,"30,24","93,52","0,578","0,567","0,747","0,456","81,48","0,59","0,272","1,95","54,63","11,29","271,98"
Araçagi (PB),"0,54","0,53","69,7","28,3","30,53","93,45","0,549","0,54","0,745","0,412","81,33","0,543","0,237","2,24","58,85","10,96","230,52"
Arara (PB),"0,58","0,54","67,69",35,"37,69","91,99","0,548","0,569","0,712","0,407","77,79","0,544","0,227","2,35","64,26","13,77","276,67"
Araruna (PB),"0,56","0,52","70,45",26,"28,08","93,96","0,567","0,549","0,758","0,439","82,61","0,563","0,267","2,54",65,"9,31","244,02"
Areia de Baraúnas (PB),"0,4","0,46","65,81",42,"45,24","90,47","0,562","0,566","0,68","0,462","74,33","0,585","0,289","2,12","52,09","8,04","270,54"
Areial (PB),"0,47","0,49","71,75","22,3","24,11","94,79","0,608","0,573","0,779","0,503","84,74","0,662","0,29","1,88","58,19","11,02","282,18"
Areia (PB),"0,55","0,55","70,34","26,3","28,42","93,89","0,594","0,593","0,756","0,467","82,42","0,572","0,311","2,35","56,35","9,43","319,92"
Aroeiras (PB),"0,64","0,58","69,71","28,2","30,48","93,47","0,548","0,537","0,745","0,411","81,36","0,541","0,238",2,"65,61","10,54","226,05"
Assunção (PB),"0,53","0,54","69,3","29,6","31,88","93,18","0,609","0,601","0,738","0,51","80,64","0,66","0,304","2,11","55,84","8,18","336,67"
Baía da Traição (PB),"0,64","0,58","68,84","31,1","33,5","92,84","0,581","0,541","0,731","0,495","79,83","0,583","0,357","3,21","59,38","5,7","231,78"
Bananeiras (PB),"0,67","0,59","70,98","24,5","26,41","94,31","0,568","0,555","0,766","0,43","83,49","0,554","0,259","1,95","60,28","9,86","253,3"
Baraúna (PB),"0,5","0,51","68,05","33,7","36,34","92,26","0,558","0,526","0,718","0,459","78,44","0,598","0,27","2,49","59,01","10,31","211,36"
Barra de Santana (PB),"0,43","0,5","69,81",28,"30,16","93,53","0,567","0,526","0,747","0,465","81,52","0,629","0,254","1,82","58,33","10,94","211,08"
Barra de Santa Rosa (PB),"0,52","0,52","70,2","26,8","28,88","93,8","0,562","0,542","0,753","0,434","82,18","0,562","0,258","2,38","60,24","10,38","233,51"
Barra de São Miguel (PB),"0,37","0,45","68,7","31,5","33,99","92,74","0,572","0,584","0,728","0,44","79,59","0,59","0,245","2,47","55,17","10,07","302,44"
Bayeux (PB),"0,4","0,46","71,73","22,4","24,17","94,78","0,649","0,619","0,779","0,566","84,7","0,627","0,461","2,16","47,1","6,27","376,74"
Belém do Brejo do Cruz (PB),"0,39","0,46","71,72","22,4","24,18","94,78","0,578","0,55","0,779","0,451","84,7","0,565","0,288","2,2","52,69","9,44","245,71"
Belém (PB),"0,48","0,49","70,55","25,7","27,74","94,03","0,592","0,557","0,759","0,492","82,78","0,638","0,293","2,18","58,2","11,91","256,2"
Bernardino Batista (PB),"0,61","0,55","67,96",34,"36,67","92,2","0,558","0,526","0,716","0,462","78,28","0,594","0,279","2,32","66,67","8,03","211,04"
Boa Ventura (PB),"0,42","0,46","72,38","20,7","22,3","95,17","0,599","0,566","0,79","0,48","85,75","0,581","0,328","2,05","52,83","9,15","271,06"
Boa Vista (PB),"0,32","0,42","72,73","21,33","17,19","95,46","0,649","0,59","0,796","0,582","86,5","0,707","0,395","1,97","51,14","9,27","314,11"
Bom Jesus (PB),"0,46","0,5","70,72","25,2","27,23","94,14","0,597","0,584","0,762","0,477","83,05","0,592","0,309","2,3","58,52","10,13","303,29"
Bom Sucesso (PB),"0,42","0,45","70,14","26,9","29,06","93,76","0,592","0,558","0,752","0,494","82,09","0,62","0,313","2,07","53,88","12,29","257,9"
Bonito de Santa Fé (PB),"0,52","0,52","72,18","21,2","22,85","95,06","0,574","0,564","0,786","0,427","85,44","0,506","0,304","2,08","58,23","8,04","267,09"
Boqueirão (PB),"0,38","0,46","70,79",25,"27,01","94,19","0,607","0,592","0,763","0,496","83,17","0,585","0,356","2,16","54,55","9,1","319,11"
Borborema (PB),"0,48","0,5","69,99","27,4","29,58","93,65","0,558","0,544","0,75","0,426","81,82","0,541","0,264","2,63","64,76","9,8","236,01"
Brejo do Cruz (PB),"0,41","0,47","72,85","19,4",21,"95,45","0,597","0,575","0,798","0,463","86,48","0,589","0,287","2,24","51,36","8,57","287,2"
Brejo dos Santos (PB),"0,43","0,46","71,58","22,8","24,6","94,69","0,619","0,564","0,776","0,541","84,47","0,686","0,336","2,16","53,34","10,2","267,6"
Caaporã (PB),"0,42","0,47","70,41","26,2","28,21","93,94","0,602","0,565","0,757","0,509","82,53","0,607","0,357","2,5","55,84","5,25","268,46"
Cabaceiras (PB),"0,41","0,46","70,54","25,8","27,8","94,02","0,611","0,574","0,759","0,523","82,75","0,653","0,336","1,86","56,03","10,86","283,93"
Cabedelo (PB),"0,94","0,7","74,31",16,"17,25","96,24","0,748","0,782","0,822","0,651","88,65","0,689","0,581","1,85","44,02","5,97","1036,21"
Cachoeira dos Índios (PB),"0,49","0,5","70,95","24,6","26,49","94,29","0,587","0,583","0,766","0,453","83,45","0,586","0,271","1,92","55,8","10,29","301,77"
Cacimba de Areia (PB),"0,48","0,49","71,25","23,7","25,58","94,48","0,596","0,553","0,771","0,497","83,94","0,615","0,324","1,82","49,58",9,"249,79"
Cacimba de Dentro (PB),"0,54","0,53","71,59","22,8","24,56","94,7","0,564","0,551","0,777","0,419","84,49","0,58","0,218","2,3","65,54","11,4","246,21"
Cacimbas (PB),"0,56","0,53","65,3",44,"47,45","90,03","0,523","0,501","0,672","0,425","73,36","0,573","0,234","2,92","79,55","7,82","181,17"
Caiçara (PB),"0,5","0,51","68,96","30,6","33,05","92,94","0,592","0,58","0,733","0,488","80,05","0,64","0,284","2,25","57,02","10,51","294,68"
Cajazeiras (PB),"0,58","0,56","73,87",17,"18,34","96,01","0,679","0,668","0,815","0,574","88,02","0,654","0,442","1,71","48,25","9,23","511,56"
Cajazeirinhas (PB),"0,45","0,5","71,35","23,4","25,3","94,54","0,55","0,521","0,773","0,413","84,09","0,548","0,234","1,92","55,06","8,44","205,12"
Caldas Brandão (PB),"0,42","0,47","68,39","32,5","35,09","92,52","0,568","0,562","0,723","0,451","79,05","0,576","0,276","2,16","54,82","9,62","264,06"
Camalaú (PB),"0,42","0,46","71,18","23,9","25,79","94,44","0,567","0,549","0,77","0,431","83,83","0,575","0,243","2,29","59,25","10,23","242,92"
Campina Grande (PB),"0,61","0,58","73,73","17,3","18,71","95,93","0,72","0,702","0,812","0,654","87,8","0,698","0,574","1,72","46,08","7,79","630,03"
Capim (PB),"0,46","0,48","68,69","31,5","34,02","92,74","0,533","0,52","0,728","0,4","79,57","0,528","0,23","2,92","62,87","6,57","203,67"
Caraúbas (PB),"0,39","0,45","67,61","35,2","37,99","91,93","0,585","0,58","0,71","0,485","77,65","0,658","0,264","2,27","60,06","11,57","296,38"
Carrapateira (PB),"0,45","0,47","70,91","24,7","26,62","94,27","0,603","0,529","0,765","0,543","83,38","0,702","0,324","2,48","55,53","7,74","214,54"
Casserengue (PB),"0,63","0,57","68,81","31,1","33,58","92,83","0,514","0,492","0,73","0,379","79,79","0,552","0,178","2,49",63,"9,83","171,37"
Catingueira (PB),"0,53","0,52","70,17","26,8","28,96","93,78","0,574","0,553","0,753","0,455","82,14","0,593","0,267",2,"57,15","9,23","249,16"
Catolé do Rocha (PB),"0,47","0,5","72,23",21,"22,72","95,08","0,64","0,617","0,787","0,539","85,51","0,658","0,361","1,91","48,79","9,21","371,92"
Caturité (PB),"0,58","0,56","71,91","21,9","23,64","94,89","0,623","0,617","0,782","0,502",85,"0,593","0,359","2,19","56,55","9,29","371,05"
Conceição (PB),"0,6","0,56","70,23","26,7","28,78","93,82","0,592","0,577","0,754","0,476","82,24","0,582","0,319","1,97","51,84","8,76","290,63"
Condado (PB),"0,46","0,48","71,16",24,"25,85","94,43","0,594","0,573","0,769","0,476","83,79","0,619","0,282","1,78","56,84","11,65","282,25"
Conde (PB),"0,49","0,52","72,84","19,5","21,04","95,44","0,618","0,591","0,797","0,5","86,46","0,585","0,366","2,37","53,28","5,2","316,81"
Congo (PB),"0,45","0,49","68,85",31,"33,45","92,85","0,581","0,562","0,731","0,477","79,85","0,6","0,302","2,25","59,53","11,39","263,84"
Coremas (PB),"0,48","0,51","72,65",20,"21,54","95,33","0,592","0,578","0,794","0,452","86,17","0,565","0,289","2,15","56,14","9,4","291,3"
Coxixola (PB),"0,46","0,48","72,63",20,"21,62","95,32","0,641","0,586","0,794","0,567","86,13","0,735","0,338","1,85","49,45","13,5","306,15"
Cruz do Espírito Santo (PB),"0,33","0,43","71,66","22,6","24,36","94,74","0,552","0,531","0,778","0,408","84,6","0,53","0,242","2,69","56,27","6,59","217,47"
Cubati (PB),"0,45","0,48","69,51","28,9","31,18","93,32","0,566","0,545","0,742","0,448",81,"0,571","0,275","2,62","60,01","9,57","237,71"
Cuité de Mamanguape (PB),"0,44","0,48","65,96","41,4","44,62","90,59","0,524","0,529","0,683","0,398","74,6","0,525","0,229","1,94","60,8","9,72","214,92"
Cuitegi (PB),"0,44","0,49","68,94","30,7","33,14","92,92","0,57","0,563","0,732","0,45","80,01","0,59","0,261","2,54","62,36","9,9","265,78"
Cuité (PB),"0,52","0,51","70,96","24,5","26,46","94,3","0,591","0,574","0,766","0,47","83,47","0,589","0,3","2,26","56,85","11,53","284,57"
Curral de Cima (PB),"0,51","0,52","67,89","34,3","36,94","92,14","0,529","0,528","0,715","0,392","78,15","0,538","0,208","2,38","62,43","9,96","214,4"
Curral Velho (PB),"0,65","0,59","69,36","29,4","31,67","93,22","0,606","0,613","0,739","0,491","80,75","0,613","0,315","2,07","51,09","6,87","362,28"
Damião (PB),"0,42","0,49","68,2","33,2","35,81","92,37","0,521","0,503","0,72","0,391","78,69","0,563","0,188","2,37","63,66","8,84","182,89"
Desterro (PB),"0,56","0,54","68,43","32,4","34,96","92,55","0,58","0,551","0,724","0,49","79,11","0,618","0,308","2,38","61,47","9,31","247,16"
Diamante (PB),"0,62","0,55","69,89","27,7","29,89","93,59","0,593","0,562","0,748","0,496","81,66","0,596","0,343","1,72","52,58","8,24","264,08"
Dona Inês (PB),"0,58","0,54","66,41","39,7","42,74","90,97","0,545","0,524","0,69","0,447","75,45","0,587","0,26","2,37","67,04","10,53","208,12"
Duas Estradas (PB),"0,54","0,51","72,72","19,8","21,35","95,37","0,603","0,565","0,795","0,488","86,28","0,615","0,307","1,65","64,99","12,56","269,85"
Emas (PB),"0,39","0,46","71,38","23,4","25,21","94,56","0,595","0,554","0,773","0,492","84,14","0,603","0,328","2,4","59,55","7,87","251,41"
Esperança (PB),"0,55","0,54","71,04","24,3","26,23","94,35","0,623","0,598","0,767","0,526","83,59","0,669","0,326","2,41","57,19","9,78","330,66"
Fagundes (PB),"0,52","0,52","69,91","27,7","29,84","93,6","0,56","0,543","0,749","0,432","81,68","0,572","0,247","2,05","62,16","10,28","235,02"
Frei Martinho (PB),"0,63","0,57","71,18","23,9","25,79","94,44","0,641","0,631","0,77","0,542","83,83","0,698","0,327","1,93","55,6","13,81","405,38"
Gado Bravo (PB),"0,55","0,56","69,22","29,8","32,17","93,12","0,513","0,491","0,737","0,373","80,5","0,519","0,193","2,34","60,52","9,37","170,29"
Guarabira (PB),"0,51","0,53","73,73","17,3","18,69","95,94","0,673","0,641","0,812","0,586","87,81","0,661","0,461","1,62","50,09","8,86","430,83"
Gurinhém (PB),"0,39","0,45","68,67","31,6","34,09","92,72","0,556","0,544","0,728","0,435","79,54","0,561","0,262","2,37","57,71","9,66","235,88"
Gurjão (PB),"0,38","0,45","68,76","31,3","33,77","92,79","0,625","0,576","0,729","0,581","79,7","0,686","0,417","1,59","52,39","10,45","288,53"
Ibiara (PB),"0,58","0,53","71,08","24,2","26,12","94,37","0,586","0,548","0,768","0,479","83,65","0,637","0,271","1,78","56,24","11,57","242,08"
Igaracy (PB),"0,55","0,52","72,65",20,"21,54","95,33","0,61","0,575","0,794","0,496","86,17","0,63","0,308","1,79","57,52","9,89","286,68"
Imaculada (PB),"0,54","0,52","67,87","34,3","37,03","92,12","0,557","0,524","0,715","0,461","78,11","0,577","0,294","2,46","67,11","7,22","208,83"
Ingá (PB),"0,48","0,49","71,07","24,2","26,14","94,37","0,592","0,573","0,768","0,471","83,63","0,611","0,28","2,41","60,71","10,42","282,85"
Itabaiana (PB),"0,47","0,5","68,63","31,8","34,25","92,69","0,613","0,592","0,727","0,536","79,46","0,631","0,386","2,02","51,76","10,16","319,34"
Itaporanga (PB),"0,48","0,5","69,54","28,8","31,08","93,34","0,615","0,607","0,742","0,517","81,05","0,62","0,359","1,85","52,25","8,14","349,02"
Itapororoca (PB),"0,43","0,48","70,41","26,2","28,21","93,94","0,564","0,543","0,757","0,437","82,53","0,575","0,252","2,18","57,29","9,33","235,44"
Itatuba (PB),"0,48","0,49","69,51","28,9","31,18","93,32","0,562","0,549","0,742","0,436",81,"0,579","0,248","2,59","56,82","8,97","244,16"
Jacaraú (PB),"0,56","0,54","68,18","33,3","35,88","92,36","0,558","0,554","0,72","0,435","78,66","0,584","0,241","2,5","61,44","10,75","250,76"
Jericó (PB),"0,52","0,51","72,85","19,4",21,"95,45","0,603","0,577","0,798","0,476","86,48","0,609","0,291","2,02","54,59","10,35","290,17"
João Pessoa (PB),"0,72","0,62","74,89","16,44","13,25","96,65","0,763","0,77","0,832","0,693","89,79","0,709","0,663","1,49","41,03","6,96","964,82"
Juarez Távora (PB),"0,43","0,48","71,06","24,2","26,17","94,36","0,579","0,544","0,768","0,465","83,62","0,607","0,273","2,16","60,96","10,5","236,56"
Juazeirinho (PB),"0,5","0,51","70,2","26,8","28,88","93,8","0,567","0,557","0,753","0,435","82,18","0,542","0,281","2,44","60,4","7,89","255,68"
Junco do Seridó (PB),"0,42","0,47","67,91","34,2","36,86","92,16","0,617","0,571","0,715","0,576","78,19","0,714","0,374","1,85","54,52","8,37","280,15"
Juripiranga (PB),"0,53","0,53","65,64","42,7","45,98","90,32","0,548","0,544","0,677","0,448",74,"0,585","0,263","2,54","59,21","9,98","235,6"
Juru (PB),"0,54","0,51","70,45",26,"28,08","93,96","0,57","0,552","0,758","0,443","82,61","0,581","0,257","2,04","54,13","8,2","247,78"
Lagoa de Dentro (PB),"0,54","0,52","71,3","23,6","25,43","94,52","0,57","0,539","0,772","0,444","84,02","0,579","0,261","2,07","63,89","12,23","228,8"
Lagoa (PB),"0,4","0,45","69,81",28,"30,16","93,53","0,563","0,533","0,747","0,448","81,52","0,586","0,261","1,72","54,39","10,98","219,92"
Lagoa Seca (PB),"0,56","0,54","71,15",24,"25,89","94,42","0,627","0,621","0,769","0,516","83,77","0,636","0,34","2,24","54,27","8,47","380,73"
Lastro (PB),"0,38","0,44","69,83","27,9","30,09","93,55","0,533","0,532","0,747","0,38","81,56","0,537","0,191","1,62","48,67","9,15","219,67"
Livramento (PB),"0,5","0,5","68,94","30,7","33,13","92,92","0,566","0,523","0,732","0,473","80,01","0,609","0,285","2,4","62,3","9,65","207,73"
Logradouro (PB),"0,33","0,42","71,56","22,8","24,66","94,68","0,583","0,544","0,776","0,47","84,44","0,602","0,287","2,06","58,57","10,78","236,33"
Lucena (PB),"0,55","0,55","69,03","30,4","32,82","92,98","0,583","0,577","0,734","0,469","80,17","0,578","0,308","2,87","55,1","5,75","289,29"
Mãe D'Água (PB),"0,5","0,5","67,7","34,9","37,66","91,99","0,542","0,52","0,712","0,429","77,8","0,528","0,284","2,09","57,92","9,68","202,88"
Malta (PB),"0,66","0,58","73,01","19,1","20,58","95,53","0,642","0,62","0,8","0,533","86,72","0,68","0,328","2,22","59,91","11,28","378,53"
Mamanguape (PB),"0,52","0,52","70,33","26,4","28,44","93,89","0,585","0,585","0,756","0,453","82,41","0,542","0,317","2,39","54,53","7,1","305,46"
Manaíra (PB),"0,56","0,53","66,85",38,"40,97","91,32","0,543","0,537","0,698","0,426","76,25","0,554","0,252","2,87","59,8","8,33","225,93"
Marcação (PB),"0,51","0,51","66,43","39,6","42,68","90,98","0,529","0,525","0,691","0,408","75,47","0,516","0,255","3,21","61,76","6,24","209,46"
Mari (PB),"0,4","0,46","66,5","39,3","42,38","91,04","0,548","0,553","0,692","0,429","75,61","0,557","0,255","2,21","57,03","10,68","250,22"
Marizópolis (PB),"0,51","0,51","70,16","26,9","29,02","93,77","0,608","0,582","0,753","0,512","82,11","0,631","0,338","2,45","53,71","9,4","299,15"
Massaranduba (PB),"0,4","0,46","69,8",28,"30,19","93,53","0,567","0,552","0,747","0,441","81,5","0,624","0,221","2,17","60,19","10,46","247,98"
Mataraca (PB),"0,44","0,48","65,49","43,3","46,62","90,19","0,536","0,533","0,675","0,427","73,72","0,527","0,28","2,97","59,36","5,39","219,95"
Matinhas (PB),"0,33","0,44","69,81",28,"30,16","93,53","0,541","0,531","0,747","0,4","81,52","0,583","0,188","2,01","61,71","9,19","217,6"
Mato Grosso (PB),"0,4","0,45","70,62","25,5","27,52","94,08","0,565","0,566","0,76","0,419","82,9","0,578","0,22","1,84","53,26","9,18","271,56"
Maturéia (PB),"0,51","0,51","68,79","31,2","33,66","92,81","0,572","0,54","0,73","0,474","79,75","0,611","0,286","2,11","60,51","8,62","230,63"
Mogeiro (PB),"0,48","0,5","68,94","30,7","33,12","92,92","0,574","0,538","0,732","0,481","80,02","0,607","0,302","2,01","59,12","9,35","227,05"
Montadas (PB),"0,44","0,47","69,85","27,8","30,02","93,56","0,59","0,545","0,748","0,505","81,59","0,666","0,29","2,16","60,14","10,42","238,17"
Monte Horebe (PB),"0,59","0,54","70,29","26,5","28,59","93,86","0,587","0,579","0,755","0,463","82,34","0,605","0,271","2,37","56,85","9,14","292,96"
Monteiro (PB),"0,6","0,57","67,51","35,6","38,39","91,85","0,628","0,625","0,709","0,558","77,46","0,71","0,344","2,1","54,88","10,58","392,05"
Mulungu (PB),"0,44","0,49","71,65","22,6","24,39","94,73","0,565","0,548","0,778","0,423","84,58","0,541","0,258","2,02","56,72","10,28","242,9"
Natuba (PB),"0,54","0,54","67,61","35,2",38,"91,93","0,541","0,516","0,71","0,432","77,64","0,589","0,232","2,26","61,46","8,99","198,68"
Nazarezinho (PB),"0,52","0,52","69,83","27,9","30,09","93,55","0,562","0,528","0,747","0,449","81,56","0,595","0,256","2,31","54,76","10,21","213,53"
Nova Floresta (PB),"0,5","0,51","70,45",26,"28,07","93,97","0,601","0,576","0,758","0,498","82,61","0,615","0,326","2,56","60,64","11,18","287,45"
Nova Olinda (PB),"0,55","0,52","69,61","28,6","30,82","93,39","0,573","0,557","0,744","0,453","81,18","0,569","0,287","2,21","56,6","7,91","255,69"
Nova Palmeira (PB),"0,37","0,45","70,73","25,2","27,18","94,15","0,595","0,567","0,762","0,488","83,08","0,616","0,307","2,24","53,45","10,43","272,29"
Olho D'Água (PB),"0,59","0,55","71,53","22,9","24,74","94,66","0,572","0,533","0,776","0,452","84,39","0,567","0,288","1,78","53,51","8,12","220,96"
Olivedos (PB),"0,49","0,49","70,96","24,5","26,46","94,3","0,603","0,531","0,766","0,54","83,47","0,644","0,379","1,96","54,87","10,73","217,32"
Ouro Velho (PB),"0,39","0,47","70,86","24,8","26,8","94,23","0,614","0,585","0,764","0,518","83,28","0,587","0,404","2,07","51,71","10,55","305,23"
Parari (PB),"0,52","0,49","68,98","30,6","32,99","92,95","0,584","0,583","0,733","0,467","80,08","0,618","0,267","2,19","55,06","10,75","300,27"
Passagem (PB),"0,5","0,51","72,41","20,6","22,22","95,19","0,62","0,566","0,79","0,534","85,79","0,652","0,358","1,95","54,43","9,54","270,29"
Patos (PB),"0,56","0,56","74,26","15,27","16,53","96,16","0,701","0,667","0,821","0,628","88,43","0,709","0,493","1,88","48,99","7,92","508,52"
Paulista (PB),"0,46","0,49","69,79",28,"30,24","93,52","0,587","0,587","0,747","0,461","81,48","0,614","0,26","1,69","47,83","8,88","308,48"
Pedra Branca (PB),"0,5","0,5","70,68","25,3","27,34","94,12","0,599","0,532","0,761","0,532",83,"0,648","0,359","1,97","55,37","8,41","219,29"
Pedra Lavrada (PB),"0,45","0,49","68,96","30,6","33,05","92,94","0,574","0,564","0,733","0,458","80,06","0,609","0,259","2,22","54,73","10,17","267,79"
Pedras de Fogo (PB),"0,52","0,53","71,23","23,8","25,64","94,47","0,59","0,568","0,771","0,468","83,9","0,586","0,299","2,21","54,23","7,6","273,39"
Pedro Régis (PB),"0,51","0,51","70,21","26,7","28,84","93,81","0,542","0,529","0,754","0,399","82,2","0,552","0,208","2,29","67,1","11,26","215,39"
Piancó (PB),"0,51","0,53","69,17",30,"32,34","93,08","0,621","0,593","0,736","0,55","80,41","0,65","0,394","1,74","49,74","9,61","321,21"
Picuí (PB),"0,54","0,53","69,7","28,3","30,53","93,45","0,608","0,596","0,745","0,506","81,33","0,634","0,323","2,45","58,2","10,06","326,53"
Pilar (PB),"0,47","0,49","71,52",23,"24,78","94,65","0,579","0,544","0,775","0,461","84,37","0,571","0,301","2,34","55,97","8,61","236,08"
Pilões (PB),"0,64","0,59","70,99","24,5","26,39","94,31","0,56","0,559","0,767","0,409","83,5","0,503","0,271","2,21","61,6","8,33",259
Pilõezinhos (PB),"0,34","0,43","73,14","18,7","20,22","95,61","0,564","0,532","0,802","0,421","86,92","0,553","0,244","2,11","57,4","9,04","218,98"
Pirpirituba (PB),"0,51","0,52","69,69","28,3","30,55","93,45","0,595","0,566","0,745","0,499","81,32","0,596","0,349","2,17","57,1","9,97","270,98"
Pitimbu (PB),"0,45","0,51","70,2","26,8","28,88","93,8","0,57","0,538","0,753","0,456","82,18","0,559","0,304","2,88","57,57","5,05","227,76"
Pocinhos (PB),"0,4","0,46","71,73","22,4","24,16","94,78","0,591","0,556","0,779","0,477","84,71","0,609","0,293","2,37","60,88","9,57","253,75"
Poço Dantas (PB),"0,46","0,49","67,14","36,9","39,82","91,56","0,525","0,506","0,702","0,408","76,79","0,51","0,261","1,91","59,35","8,1","186,82"
Poço de José de Moura (PB),"0,42","0,45","72,82","19,5","21,09","95,43","0,612","0,578","0,797","0,497","86,43","0,606","0,335","1,69","55,76","11,87","291,18"
Pombal (PB),"0,54","0,54","72,22","21,1","22,75","95,08","0,634","0,629","0,787","0,515","85,49","0,624","0,351","1,79","49,74","10,5","401,6"
Prata (PB),"0,35","0,44","71,31","23,5","25,41","94,52","0,608","0,566","0,772","0,514","84,03","0,637","0,334","2,54","56,79","11,34","271,47"
Princesa Isabel (PB),"0,44","0,47","68,19","33,2","35,84","92,36","0,606","0,6","0,72","0,514","78,68","0,639","0,333","1,68","55,08","8,78","334,74"
Puxinanã (PB),"0,38","0,45","70,23","26,7","28,78","93,82","0,617","0,574","0,754","0,542","82,23","0,67","0,355","2,09","57,19","9,09","283,93"
Queimadas (PB),"0,4","0,46","72,73","21,33","17,19","95,46","0,608","0,578","0,796","0,489","86,5","0,581","0,346","2,19","54,81","8,56","292,5"
Quixabá (PB),"0,39","0,46","69,2","29,9","32,21","93,11","0,622","0,564","0,737","0,579","80,48","0,745","0,349","2,4","53,48","8,18","267,39"
Remígio (PB),"0,58","0,55","72,83","19,5","21,05","95,44","0,607","0,592","0,797","0,474","86,45","0,602","0,294","2,15","61,26","10,94","319,14"
Riachão do Bacamarte (PB),"0,48","0,49","68,26",33,"35,57","92,42","0,553","0,561","0,721","0,417","78,81","0,538","0,25","2,73","59,05","10,15","262,31"
Riachão do Poço (PB),"0,47","0,49","69,89","27,7","29,89","93,59","0,555","0,537","0,748","0,426","81,66","0,551","0,255","2,23","57,55","9,08","225,44"
Riachão (PB),"0,5","0,49","70,75","25,2","27,14","94,16","0,574","0,515","0,763","0,481","83,1","0,638","0,273","1,97","60,18","9,15","197,04"
Riacho de Santo Antônio (PB),"0,33","0,43","69,12","30,2","32,52","93,05","0,594","0,569","0,735","0,502","80,32","0,63","0,318","2,46","57,69","8,25","275,73"
Riacho dos Cavalos (PB),"0,36","0,44","70,14","26,9","29,06","93,76","0,568","0,546","0,752","0,447","82,09","0,583","0,262","1,85","48,36",8,"239,15"
Rio Tinto (PB),"0,48","0,5","69,51","28,9","31,17","93,32","0,585","0,562","0,742","0,48",81,"0,552","0,362","2,14","51,78","9,05","264,5"
Salgadinho (PB),"0,42","0,46","69,31","29,5","31,85","93,18","0,563","0,531","0,739","0,454","80,66","0,58","0,279","2,31","63,47","9,18","217,39"
Salgado de São Félix (PB),"0,48","0,5","71,2","23,8","25,74","94,45","0,568","0,531","0,77","0,448","83,85","0,608","0,244","2,22","62,06","12,56","217,45"
Santa Cecília (PB),"0,43","0,48","66,94","37,7","40,61","91,4","0,525","0,515","0,699","0,402","76,42","0,565","0,204","2,11","65,09","9,45","197,49"
Santa Cruz (PB),"0,44","0,46","71,73","22,4","24,16","94,78","0,618","0,578","0,779","0,523","84,71","0,677","0,312","1,85","53,96","13,95","291,16"
Santa Helena (PB),"0,49","0,5","72,16","21,3","22,93","95,04","0,609","0,57","0,786","0,504","85,39","0,627","0,326","1,69","55,31","12,24","277,52"
Santa Inês (PB),"0,59","0,55","67,35","36,2","39,01","91,72","0,572","0,54","0,706","0,492","77,16","0,613","0,316","2,08","53,2","7,32","229,72"
Santa Luzia (PB),"0,49","0,51","73,23","18,5","19,99","95,66","0,682","0,62","0,804","0,635","87,06","0,754","0,451","1,74","53,24","10,72","379,3"
Santana de Mangueira (PB),"0,59","0,54","70,36","26,3","28,37","93,9","0,535","0,488","0,756","0,414","82,45","0,556","0,229","2,17","54,34","7,63","166,28"
Santana dos Garrotes (PB),"0,47","0,48","71,3","23,6","25,44","94,51","0,594","0,568","0,772","0,479","84,01","0,595","0,311","1,76","53,91","10,51","274,26"
Santarém (PB),"0,38","0,44","70,91","24,7","26,62","94,27","0,622","0,553","0,765","0,568","83,38","0,72","0,354","1,6","51,24","9,83","249,67"
Santa Rita (PB),"0,38","0,46","71,43","21,18","22,95","94,5","0,627","0,597","0,774","0,534","83,97","0,602","0,419","2,12","50,24","6,72","328,16"
Santa Teresinha (PB),"0,7","0,59","74,19","16,2","17,55","96,18","0,627","0,586","0,82","0,513","88,48","0,673","0,298","1,71","55,76","9,87","306,95"
Santo André (PB),"0,42","0,47","72,79","19,6","21,17","95,41","0,6","0,568","0,797","0,476","86,38","0,624","0,277","2,08","49,46","11,71","273,72"
São Bentinho (PB),"0,39","0,46","72,22","21,1","22,75","95,08","0,606","0,575","0,787","0,491","85,49","0,647","0,282","2,27","56,09","11,24","286,99"
São Bento (PB),"0,4","0,47","71,16",24,"25,86","94,43","0,58","0,597","0,769","0,424","83,79","0,561","0,243","1,86","47,53","6,22","328,99"
São Domingos do Cariri (PB),"0,42","0,47","71,38","23,4","25,2","94,56","0,589","0,603","0,773","0,438","84,14","0,573","0,256","2,11","56,94","11,94","341,56"
São Domingos (PB),"0,39","0,46","70,21","26,7","28,84","93,81","0,548","0,555","0,754","0,394","82,2","0,546","0,205","1,85","53,41","12,22","253,36"
São Francisco (PB),"0,38","0,45","68,58","31,9","34,4","92,66","0,58","0,56","0,726","0,481","79,39","0,671","0,247","2,03","52,36","13,17","261,15"
São João do Cariri (PB),"0,52","0,53","72,79","19,6","21,17","95,41","0,622","0,618","0,797","0,488","86,38","0,585","0,34","1,98","53,28","11,58","373,55"
São João do Rio do Peixe (PB),"0,54","0,53","71,94","21,8","23,55","94,91","0,608","0,586","0,782","0,49","85,05","0,61","0,316","1,81","50,77","11,15","306,87"
São João do Tigre (PB),"0,47","0,51","70,45",26,"28,08","93,96","0,552","0,523","0,758","0,424","82,61","0,56","0,243","2,39","64,77","10,26","207,42"
São José da Lagoa Tapada (PB),"0,51","0,49","68,34","32,7","35,28","92,48","0,53","0,53","0,722","0,389","78,95","0,516","0,221","1,99","54,59","10,64","216,66"
São José de Caiana (PB),"0,4","0,44","70,7","25,3","27,28","94,13","0,565","0,545","0,762","0,434","83,03","0,552","0,269","2,24","57,66","6,26","238,28"
São José de Espinharas (PB),"0,39","0,45","72,41","20,6","22,22","95,19","0,577","0,543","0,79","0,448","85,79","0,563","0,283","2,22","55,3","10,25","234,08"
São José de Piranhas (PB),"0,5","0,5","70,31","26,4","28,51","93,87","0,591","0,594","0,755","0,461","82,38","0,59","0,281","1,74","54,21","9,61","321,53"
São José de Princesa (PB),"0,4","0,45","70,89","24,7","26,69","94,25","0,565","0,533","0,765","0,443","83,34","0,586","0,254","1,73","55,63","8,84","221,16"
São José do Bonfim (PB),"0,47","0,48","67,76","34,7","37,45","92,04","0,578","0,549","0,713","0,493","77,9","0,637","0,295","2,23","53,73","8,51","244,14"
São José do Brejo do Cruz (PB),"0,41","0,46","71,58","22,8","24,6","94,69","0,581","0,535","0,776","0,473","84,47","0,605","0,289","2,23","55,06","8,25","223,11"
São José do Sabugi (PB),"0,33","0,43","71,88",22,"23,71","94,88","0,617","0,584","0,781","0,514","84,96","0,614","0,361","1,88","49,52","9,43","302,36"
São José dos Cordeiros (PB),"0,47","0,49","71,69","22,5","24,28","94,76","0,556","0,542","0,778","0,407","84,64","0,578","0,202","2,44","62,12","12,25","233,71"
São José dos Ramos (PB),"0,47","0,51","69,26","29,7","32,01","93,15","0,541","0,527","0,738","0,406","80,58","0,54","0,229","2,25","59,88","9,11","212,12"
São Mamede (PB),"0,53","0,52","70,87","24,8","26,74","94,24","0,641","0,617","0,765","0,558","83,31","0,675","0,381","1,94","55,61","12,15","371,01"
São Miguel de Taipu (PB),"0,43","0,49","68,26",33,"35,56","92,42","0,548","0,516","0,721","0,443","78,82","0,59","0,249","2,32","60,15","8,03","198,63"
São Sebastião de Lagoa de Roça (PB),"0,44","0,48","72,67","19,9","21,5","95,34","0,594","0,561","0,795","0,471","86,19","0,605","0,286","1,86","56,88","9,71","262,87"
São Sebastião do Umbuzeiro (PB),"0,4","0,46","70,8",25,"26,96","94,2","0,581","0,561","0,763","0,459","83,2","0,581","0,286","2,36","58,5","10,85","263,04"
Sapé (PB),"0,45","0,5","67,64","35,2","37,9","91,95","0,569","0,563","0,711","0,461","77,69","0,562","0,31","2,2","54,15","8,85","266,29"
Seridó (PB),"0,41","0,47","67,83","34,5","37,19","92,09","0,555","0,528","0,714","0,453","78,03","0,584","0,273","2,49","59,77","7,57","214,38"
Serra Branca (PB),"0,44","0,48","71,22","23,8","25,68","94,46","0,628","0,598","0,77","0,537","83,89","0,668","0,347","1,99","57,78","13,38","330,05"
Serra da Raiz (PB),"0,47","0,5","72,5","20,4","21,97","95,24","0,626","0,57","0,792","0,544","85,93","0,666","0,363","2,38","61,65","11,24","278,22"
Serra Grande (PB),"0,43","0,47","69,69","28,3","30,55","93,45","0,586","0,549","0,745","0,491","81,32","0,618","0,309","2,39","54,55","9,14","244,05"
Serra Redonda (PB),"0,47","0,48","71,3","23,6","25,43","94,52","0,57","0,565","0,772","0,424","84,02","0,557","0,246","2,05",61,"12,41","268,53"
Serraria (PB),"0,5","0,5","71,71","22,4","24,22","94,77","0,547","0,536","0,779","0,392","84,68","0,492","0,248","2,42","67,28","11,11","224,2"
Sertãozinho (PB),"0,43","0,46","71,16",24,"25,87","94,42","0,621","0,554","0,769","0,561","83,78","0,721","0,339","2,09","63,44","12,51","252,11"
Sobrado (PB),"0,43","0,49","70,17","26,8","28,96","93,78","0,573","0,525","0,753","0,477","82,14","0,64","0,265","2,2","52,81","8,84","210,08"
Solânea (PB),"0,6","0,56","70,69","25,3","27,31","94,12","0,595","0,592","0,762","0,468","83,01","0,583","0,301","2,18","60,32","11,04","318,38"
Soledade (PB),"0,49","0,51","71,31","23,6","25,41","94,52","0,616","0,598","0,772","0,506","84,03","0,608","0,351","2,11","56,2","9,37","330,05"
Sossêgo (PB),"0,48","0,5","71,13",24,"25,94","94,41","0,573","0,531","0,769","0,46","83,75","0,626","0,248","2,85","60,29","8,3","218,2"
Sousa (PB),"0,54","0,54","73,84","16,24","17,58","95,94","0,668","0,645","0,814","0,567","87,83","0,667","0,41","2,34","49,12","9,06","443,81"
Sumé (PB),"0,45","0,5","70,88","24,8","26,73","94,24","0,627","0,602","0,765","0,534","83,32","0,658","0,352","2,04","51,78","11,28","339,68"
Tacima (PB),"0,46","0,49","68,58","31,9","34,42","92,66","0,551","0,513","0,726","0,45","79,38","0,587","0,264","1,92","53,16","10,34","195,07"
Taperoá (PB),"0,45","0,48","69,92","27,6","29,79","93,61","0,578","0,564","0,749","0,456","81,71","0,587","0,275","2,12","59,64","10,68","267,88"
Tavares (PB),"0,55","0,52","71,59","22,8","24,58","94,69","0,586","0,56","0,777","0,462","84,48","0,62","0,257","1,88","57,98","8,62","260,75"
Teixeira (PB),"0,58","0,55","69,46",29,"31,33","93,29","0,605","0,566","0,741","0,527","80,92","0,612","0,391","2,37","57,36","7,62","271,44"
Tenório (PB),"0,35","0,43","67,43","35,9","38,71","91,78","0,581","0,565","0,707","0,49","77,31","0,627","0,3","1,95","52,96","7,57","269,63"
Triunfo (PB),"0,49","0,49","71,79","22,2","23,99","94,82","0,609","0,578","0,78","0,501","84,8","0,625","0,321","1,65","56,3","10,42","292,24"
Uiraúna (PB),"0,56","0,54","72,82","19,5","21,09","95,43","0,636","0,612","0,797","0,528","86,43","0,638","0,361","1,71","52,2","11,46","361,37"
Umbuzeiro (PB),"0,57","0,54","67,69",35,"37,72","91,98","0,584","0,545","0,712","0,514","77,78","0,665","0,307","2,1","59,81","10,42","237,25"
Várzea (PB),"0,32","0,4","73,01","19,1","20,58","95,53","0,707","0,619","0,8","0,714","86,72","0,873","0,477","1,49","52,5","12,22","377,4"
Vieirópolis (PB),"0,44","0,45","70,7","25,3","27,28","94,13","0,571","0,537","0,762","0,455","83,03","0,622","0,244","1,66","52,6","12,17","226,49"
Vista Serrana (PB),"0,44","0,47","71,35","23,4","25,3","94,54","0,566","0,554","0,773","0,424","84,09","0,56","0,243","1,6","52,56","8,46","251,49"
Zabelê (PB),"0,35","0,43","68,48","32,3","34,79","92,58","0,623","0,567","0,725","0,587","79,19","0,755","0,355","2,05","56,96","9,88","272,94"
 , ,,,,,,,,,,,,,,,,
"Elaboração: Atlas do Desenvolvimento Humano no Brasil. Pnud Brasil, Ipea e FJP, 2022.",,,,,,,,,,,,,,,,,
"Fontes: dados do IBGE e de registros administrativos, conforme especificados nos metadados disponíveis disponíveis em: http://atlasbrasil.org.br/acervo/biblioteca.",,,,,,,,,,,,,,,,,